HP Pavilion x360 Core i3 8th Gen - (4 GB/256 GB SSD/Windows 10 Home) 14-dh0107TU 2 in 1 Laptop,44990,4.5
HP 14q Core i5 8th Gen - (8 GB/1 TB HDD/Windows 10 Home) 14q-cs0017tu Thin and Light Laptop,45990,4.2
HP 15 Pentium Gold - (4 GB/1 TB HDD/Windows 10 Home) 15-di0001TU Laptop,24990,4.4
HP 14q APU Dual Core A6 - (4 GB/256 GB SSD/Windows 10 Home) 14q-cy0004AU Thin and Light Laptop,21990,4.1
HP 15q Core i3 7th Gen - (8 GB/1 TB HDD/DOS) 15q-ds0017TU Laptop,31990,4.3
HP Pavilion Core i5 9th Gen - (8 GB/1 TB HDD/Windows 10 Home/3 GB Graphics/NVIDIA Geforce GTX 1050) 15...,52990,4.3
HP 15q APU Dual Core A9 - (4 GB/1 TB HDD/Windows 10 Home) 15q-dy0007AU Laptop,24990,4.1
HP 14q Core i3 7th Gen - (4 GB/1 TB HDD/DOS) 14q-cs0009TU Thin and Light Laptop,26990,4.2
HP Notebook Core i3 8th Gen - (4 GB/1 TB HDD/Windows 10) 15s-du0120tu Laptop,36499,4
HP 15q Core i5 8th Gen - (8 GB/1 TB HDD/Windows 10 Home) 15q-ds1001TU Laptop,48990,4.3
HP 14q APU Dual Core A9 - (4 GB/256 GB SSD/Windows 10 Home) 14q-cy0006AU Thin and Light Laptop,22490,4.1
HP Pavilion 15-EC Ryzen 5 Quad Core - (8 GB/1 TB HDD/128 GB SSD/Windows 10 Home/4 GB Graphics/NVIDIA G...,57990,4.3
HP 15 Celeron Dual Core - (4 GB/1 TB HDD/Windows 10 Home) 15-di0000TU Laptop,24220,4.3
HP 15 Core i5 10th Gen - (4 GB/1 TB HDD/256 GB SSD/Windows 10 Home) 15-di2000tu Laptop,49290,4.2
HP Pavilion Ryzen 7 Quad Core - (8 GB/1 TB HDD/128 GB SSD/Windows 10 Home/6 GB Graphics/NVIDIA Geforce...,74990,4.8
HP 15 Athlon Dual Core - (4 GB/1 TB HDD/Windows 10 Home) 15-db1066AU Laptop,25990,3.4
HP 14q Core i5 8th Gen - (8 GB/256 GB SSD/Windows 10 Home) 14q-cs1002tu Thin and Light Laptop,49990,4.3
HP 15q Core i3 8th Gen - (4 GB/1 TB HDD/Windows 10 Home) 15q-ds0058TU Thin and Light Laptop,34360,4.9
HP Pavilion 14-ce Core i7 10th Gen - (8 GB/512 GB SSD/Windows 10 Home/2 GB Graphics) 14-ce3024TX Thin ...,81575,4.4
HP Pavilion 14-ce Core i5 10th Gen - (8 GB/512 GB SSD/Windows 10 Home) 14-ce3006TU Thin and Light Lapt...,59990,3.5
HP Envy 13 Core i5 10th Gen - (8 GB + 32 GB Optane/512 GB SSD/Windows 10 Home) 13-aq1015TU Thin and Li...,82990,4.3
HP ChromeBook Celeron Dual Core - (4 GB/64 GB EMMC Storage/Chrome OS) 12b-ca0006TU Chromebook,37350,4.7
HP Pavilion 14-ce Core i5 10th Gen - (8 GB/1 TB HDD/256 GB SSD/Windows 10 Home/2 GB Graphics) 14-ce302...,71990,4
HP Envy 13 Core i5 10th Gen - (8 GB/256 GB SSD/Windows 10 Home) 13-aq1014TU Thin and Light Laptop,76990,4.4
HP Core i3 6th Gen - (4 GB/500 GB HDD/Windows 10 Pro) 240 G5 Business Laptop,47990,4.2
HP Pavilion x360 Core i5 10th Gen - (8 GB/1 TB HDD/256 GB SSD/Windows 10 Home) 14-dh1011TU 2 in 1 Lapt...,82990,4.5
HP 15q Core i3 7th Gen - (4 GB/1 TB HDD/DOS) 15q-ds0015tu Laptop,31990,4.3
HP Omen Core i5 7th Gen - (8 GB/1 TB HDD/128 GB SSD/Windows 10 Home/4 GB Graphics/NVIDIA Geforce GTX 1...,102551,4.3
HP Spectre x360 Core i5 8th Gen - (8 GB/256 GB SSD/Windows 10 Pro) 13-ap0121TU 2 in 1 Laptop,151133,4.3
HP Spectre Folio x360 Core i7 8th Gen - (16 GB/512 GB SSD/Windows 10 Pro) 13-ak0040TU 2 in 1 Laptop,215000,3.9
HP Spectre x360 Core i7 8th Gen - (16 GB/512 GB SSD/Windows 10 Home) 13-ap0101TU 2 in 1 Laptop,172725,4.3
HP Pavilion Core i5 8th Gen - (8 GB/1 TB HDD/128 GB SSD/Windows 10 Home/4 GB Graphics/NVIDIA Geforce G...,70990,3.3
HP DA Core i5 8th Gen - (4 GB/1 TB HDD/256 GB SSD/Windows 10 Home) 15-DA1058TU Laptop,49990,3.9
HP Omen Core i5 9th Gen - (8 GB/1 TB HDD/256 GB SSD/Windows 10 Home/4 GB Graphics/NVIDIA Geforce GTX 1...,84990,3.6
HP Chromebook x360 Core i5 8th Gen - (8 GB/64 GB EMMC Storage/Chrome OS) 14-da0004TU 2 in 1 Laptop,54490,4.4
HP APU Dual Core A6 - (4 GB/1 TB HDD/DOS) 245 G7 Laptop,22825,4.1
HP CE Core i5 8th Gen - (8 GB/256 GB SSD/Windows 10 Home/2 GB Graphics) CE1000TX Thin and Light Laptop,64990,4.1
HP 15 Core i7 8th Gen - (16 GB/1 TB HDD/128 GB SSD/Windows 10 Home/4 GB Graphics) 15-dc0084TX Laptop,103949,4.3
HP 15s Core i3 8th Gen - (8 GB/1 TB HDD/Windows 10 Home) 15s-du0093TU Thin and Light Laptop,42990,4.1
HP Pavilion 13 Core i5 8th Gen - (8 GB/256 GB SSD/Windows 10 Home) 13-an0046tu Thin and Light Laptop,72990,4.1
HP Spectre x360 Core i5 8th Gen - (8 GB/256 GB SSD/Windows 10 Home) 13-ap0100TU 2 in 1 Laptop,140337,3.7
HP 14q Core i5 8th Gen - (4 GB/1 TB HDD/Windows 10 Home) 14q-cs0007TU Laptop,44990,3
HP 15 Ryzen 5 Dual Core - (4 GB/1 TB HDD/Windows 10 Home) 15-db1061AU Laptop,38682,4.7
HP Omen Core i5 7th Gen - (8 GB/1 TB HDD/128 GB SSD/Windows 10 Home/6 GB Graphics/NVIDIA Geforce GTX 1...,137098,4.4
HP G6 APU Dual Core A6 - (4 GB/1 TB HDD/DOS) 245 G6 Laptop,22185,3.9
HP G7 APU Dual Core A6 7th Gen - (4 GB/1 TB HDD/DOS) 245 G7 Laptop,22185,4.1
HP Pavilion 13 Core i5 8th Gen - (8 GB/128 GB SSD/Windows 10 Home) 13-an0045tu Thin and Light Laptop,57990,4.3
HP Chromebook Celeron Dual Core - (4 GB/64 GB EMMC Storage/Chrome OS) 14-ca003TU Laptop,23990,4.6
HP 15 Core i5 8th Gen - (4 GB/1 TB HDD/Windows 10 Home) 15-di1001tu Laptop,40589,4
HP 15 Core i5 8th Gen - (8 GB/1 TB HDD/DOS/2 GB Graphics) 15-da0077tx Laptop,49929,4.3
HP Pavilion Core i5 9th Gen - (8 GB/1 TB HDD/256 GB SSD/Windows 10 Home/4 GB Graphics/NVIDIA Geforce G...,75490,4.3
HP 14-CK Series Core i3 7th Gen - (4 GB/1 TB HDD/Windows 10 Home) 14-ck0119TU Laptop,39853,3.7
HP G6 APU Dual Core A9 - (4 GB/1 TB HDD/DOS) 245-G6 Laptop,22000,4.3
HP 14 Core i5 8th Gen - (8 GB/256 GB SSD/Windows 10 Home) 14-ce1000TU Laptop,62990,4.3
HP Omen Core i7 9th Gen - (8 GB/1 TB HDD/256 GB SSD/Windows 10 Home/4 GB Graphics/NVIDIA Geforce GTX 1...,105793,3.7
HP Pavilion x360 Core i3 8th Gen - (4 GB/256 GB SSD/Windows 10 Home) 14-dh0101TU 2 in 1 Laptop,51323,4
HP 14q Core i3 7th Gen - (4 GB/1 TB HDD/Windows 10 Home) 14q-cs0014TU Laptop,36641,4
HP G7 Core i3 7th Gen - (4 GB/1 TB HDD/DOS) 240-G7 Laptop,33200,4.3
HP 14s Core i5 8th Gen - (8 GB/1 TB HDD/256 GB SSD/Windows 10 Home) 14s-cr1005TU Thin and Light Laptop,54500,5
HP Pavilion 15 Core i7 8th Gen - (8 GB/1 TB HDD/128 GB SSD/Windows 10 Home/4 GB Graphics/NVIDIA Geforc...,93246,5
HP 250 G7 Core i3 7th Gen - (4 GB/1 TB HDD/Windows 10 Home) 250 G7 Notebook,30299,4
HP DI Core i3 7th Gen - (4 GB/1 TB HDD/Windows 10 Home) 15-di0002tu Laptop,28990,3
HP spectre x360 Core i7 10th Gen - (16 GB + 32 GB Optane/512 GB SSD/Windows 10 Home/2 GB Graphics) 15-...,179990,3
HP Pavilion x360 Core i5 10th Gen - (8 GB/1 TB HDD/256 GB SSD/Windows 10 Home/2 GB Graphics) 14-dh1025...,84799,3.7
HP 15 Core i3 7th Gen - (4 GB/1 TB HDD/DOS) 15-da0296tu Laptop,29899,5
HP 200 APU Dual Core A6 7th Gen - (4 GB/1 TB HDD/DOS) 245 G7 Notebook Laptop,20499,5
HP Pavilion 15-CS Core i5 8th Gen - (8 GB/1 TB HDD/Windows 10 Home/2 GB Graphics) 15-cs1000tx Laptop,64990,4.1
HP 300 Core i3 7th Gen - (4 GB/1 TB HDD/16 GB EMMC Storage/Windows 10 Pro) 348 G4 Laptop,44501,5
HP 15 Core i5 8th Gen - (8 GB/1 TB HDD/Windows 10) 15-da1041tu Laptop,55006,5
HP 250 G7 Core i5 8th Gen - (8 GB/1 TB HDD/DOS/2 GB Graphics) 250 G7 Notebook,48929,4.1
HP EliteBook x360 Core i5 8th Gen - (8 GB/1 TB HDD/256 GB SSD/8 GB EMMC Storage/Windows 10 Pro/2 GB Gr...,148999,4.3
HP G4 Core i7 7th Gen - (16 GB/1 TB SSD/8 GB EMMC Storage/Windows 10 Pro) EliteBook 1040 G4 Laptop,246000,4.1
HP 15 Core i5 8th Gen - (4 GB/1 TB HDD/Windows 10 Home) 15-di1001tu Laptop,40589,4.1
HP 15 Core i5 8th Gen - (8 GB/1 TB HDD/DOS/2 GB Graphics) 15-da0077tx Laptop,49929,3.7
HP Pavilion Core i5 9th Gen - (8 GB/1 TB HDD/256 GB SSD/Windows 10 Home/4 GB Graphics/NVIDIA Geforce G...,75490,3
HP 14-CK Series Core i3 7th Gen - (4 GB/1 TB HDD/Windows 10 Home) 14-ck0119TU Laptop,39853,4.7
HP G6 APU Dual Core A9 - (4 GB/1 TB HDD/DOS) 245-G6 Laptop,22000,4.4
HP 14 Core i5 8th Gen - (8 GB/256 GB SSD/Windows 10 Home) 14-ce1000TU Laptop,62990,3.9
HP Omen Core i7 9th Gen - (8 GB/1 TB HDD/256 GB SSD/Windows 10 Home/4 GB Graphics/NVIDIA Geforce GTX 1...,105793,4.1
HP Pavilion x360 Core i3 8th Gen - (4 GB/256 GB SSD/Windows 10 Home) 14-dh0101TU 2 in 1 Laptop,51323,4.3
HP 14q Core i3 7th Gen - (4 GB/1 TB HDD/Windows 10 Home) 14q-cs0014TU Laptop,36641,4.6
HP G7 Core i3 7th Gen - (4 GB/1 TB HDD/DOS) 240-G7 Laptop,33200,4
HP 14s Core i5 8th Gen - (8 GB/1 TB HDD/256 GB SSD/Windows 10 Home) 14s-cr1005TU Thin and Light Laptop,54500,4.3
HP Pavilion 15 Core i7 8th Gen - (8 GB/1 TB HDD/128 GB SSD/Windows 10 Home/4 GB Graphics/NVIDIA Geforc...,93246,4.3
HP 250 G7 Core i3 7th Gen - (4 GB/1 TB HDD/Windows 10 Home) 250 G7 Notebook,30299,3.7
HP DI Core i3 7th Gen - (4 GB/1 TB HDD/Windows 10 Home) 15-di0002tu Laptop,28990,4.3
HP spectre x360 Core i7 10th Gen - (16 GB + 32 GB Optane/512 GB SSD/Windows 10 Home/2 GB Graphics) 15-...,179990,4.3
HP Pavilion x360 Core i5 10th Gen - (8 GB/1 TB HDD/256 GB SSD/Windows 10 Home/2 GB Graphics) 14-dh1025...,84799,4.1
HP 15 Core i3 7th Gen - (4 GB/1 TB HDD/DOS) 15-da0296tu Laptop,29899,4.3
HP 200 APU Dual Core A6 7th Gen - (4 GB/1 TB HDD/DOS) 245 G7 Notebook Laptop,20499,4.1
HP Pavilion 15-CS Core i5 8th Gen - (8 GB/1 TB HDD/Windows 10 Home/2 GB Graphics) 15-cs1000tx Laptop,64990,4.1
HP 300 Core i3 7th Gen - (4 GB/1 TB HDD/16 GB EMMC Storage/Windows 10 Pro) 348 G4 Laptop,44501,3.7
HP 15 Core i5 8th Gen - (8 GB/1 TB HDD/Windows 10) 15-da1041tu Laptop,55006,3
HP 250 G7 Core i5 8th Gen - (8 GB/1 TB HDD/DOS/2 GB Graphics) 250 G7 Notebook,48929,4.7
HP EliteBook x360 Core i5 8th Gen - (8 GB/1 TB HDD/256 GB SSD/8 GB EMMC Storage/Windows 10 Pro/2 GB Gr...,148999,4.4
HP G4 Core i7 7th Gen - (16 GB/1 TB SSD/8 GB EMMC Storage/Windows 10 Pro) EliteBook 1040 G4 Laptop,246000,3.9
HP 15 Core i5 8th Gen - (4 GB/1 TB HDD/Windows 10 Home) 15-di1001tu Laptop,40589,4.1
HP 15 Core i5 8th Gen - (8 GB/1 TB HDD/DOS/2 GB Graphics) 15-da0077tx Laptop,49929,4.3
HP Pavilion Core i5 9th Gen - (8 GB/1 TB HDD/256 GB SSD/Windows 10 Home/4 GB Graphics/NVIDIA Geforce G...,75490,4.6
HP 14-CK Series Core i3 7th Gen - (4 GB/1 TB HDD/Windows 10 Home) 14-ck0119TU Laptop,39853,4
HP G6 APU Dual Core A9 - (4 GB/1 TB HDD/DOS) 245-G6 Laptop,22000,4.3
HP 14 Core i5 8th Gen - (8 GB/256 GB SSD/Windows 10 Home) 14-ce1000TU Laptop,62990,4.3
HP Omen Core i7 9th Gen - (8 GB/1 TB HDD/256 GB SSD/Windows 10 Home/4 GB Graphics/NVIDIA Geforce GTX 1...,105793,3.7
HP Pavilion x360 Core i3 8th Gen - (4 GB/256 GB SSD/Windows 10 Home) 14-dh0101TU 2 in 1 Laptop,51323,4.3
HP 14q Core i3 7th Gen - (4 GB/1 TB HDD/Windows 10 Home) 14q-cs0014TU Laptop,36641,4.3
